id,user_id,species_slug,photo_url,created_at
69ef0cb5-ac8d-49ef-ac05-f9b1dedfd963,7a2e1478-77fb-4c53-830d-2eaf5082cdf2,blue-mao-mao,https://hwbfxsnahyvlyarupfwe.supabase.co/storage/v1/object/public/fish-uploads/7a2e1478-77fb-4c53-830d-2eaf5082cdf2/blue-mao-mao-1762665531196.jpeg,2025-11-09 05:16:34.827166+00
2f72d8db-7f51-4194-a19a-99b8fd74a215,fe769e17-7500-4404-acdc-768bd060c3ea,blue-mao-mao,https://hwbfxsnahyvlyarupfwe.supabase.co/storage/v1/object/public/fish-uploads/fe769e17-7500-4404-acdc-768bd060c3ea/blue-mao-mao-1763893577084.jpeg,2025-11-22 06:08:18.198624+00
263a50a3-a7e6-4caa-9e2e-50067e82240c,7135f831-87a1-4a85-8db1-7e94a4fa2a68,blue-mao-mao,https://hwbfxsnahyvlyarupfwe.supabase.co/storage/v1/object/public/fish-uploads/7135f831-87a1-4a85-8db1-7e94a4fa2a68/blue-mao-mao-1763871900772.jpg,2025-11-23 04:19:45.020742+00
2bbfc244-d0ff-49ed-adc4-bd6b167db1bf,0f9f4a3b-73f4-4403-94cd-b35a316d9c62,blue-mao-mao,https://hwbfxsnahyvlyarupfwe.supabase.co/storage/v1/object/public/fish-uploads/0f9f4a3b-73f4-4403-94cd-b35a316d9c62/blue-mao-mao-1764050123745.jpg,2025-11-25 05:53:30.299586+00
7ba2e2ff-9b27-4b5e-b065-064d2aa91ea4,44c0e0c9-df89-428d-bf9b-c3a1b66b135a,blue-mao-mao,https://hwbfxsnahyvlyarupfwe.supabase.co/storage/v1/object/public/fish-uploads/44c0e0c9-df89-428d-bf9b-c3a1b66b135a/blue-mao-mao-1764991806714.jpg,2025-12-06 03:29:43.923366+00
783e0ad2-d5d0-43f7-8f9c-acc01ad05279,0ac97373-f12e-4f4d-86dc-0460f8208012,blue-mao-mao,https://hwbfxsnahyvlyarupfwe.supabase.co/storage/v1/object/public/fish-uploads/0ac97373-f12e-4f4d-86dc-0460f8208012/blue-mao-mao-1765000689964.jpeg,2025-12-06 05:57:47.572408+00
b68aeaff-8a42-4007-8e24-0de669f5b01a,de20ffd3-9643-4202-a2a4-a22589f10c13,blue-mao-mao,https://hwbfxsnahyvlyarupfwe.supabase.co/storage/v1/object/public/fish-uploads/de20ffd3-9643-4202-a2a4-a22589f10c13/blue-mao-mao-1765005299127.jpeg,2025-12-06 07:14:40.402495+00
9bbf8eef-364c-4d3a-9739-79452a7d0c10,0d02979e-2a89-40ff-8953-7d85ce22bd1e,blue-mao-mao,https://hwbfxsnahyvlyarupfwe.supabase.co/storage/v1/object/public/fish-uploads/0d02979e-2a89-40ff-8953-7d85ce22bd1e/blue-mao-mao-1765042207957.jpg,2025-12-06 17:28:07.615985+00
81eaeac4-385e-450e-8df4-faa6260515dd,695aced9-a3e0-4969-9a32-5bef824f6f46,blue-mao-mao,https://hwbfxsnahyvlyarupfwe.supabase.co/storage/v1/object/public/fish-uploads/695aced9-a3e0-4969-9a32-5bef824f6f46/blue-mao-mao-1765044270129.jpeg,2025-12-06 18:04:12.387584+00
79d275ae-055a-4968-bb64-13578c32985a,7825fc0f-bac5-44c0-ae69-7772700a6dc5,blue-mao-mao,https://hwbfxsnahyvlyarupfwe.supabase.co/storage/v1/object/public/fish-uploads/7825fc0f-bac5-44c0-ae69-7772700a6dc5/blue-mao-mao-1765077524247.jpeg,2025-12-07 03:18:16.048497+00
cc399dab-a862-43ea-a3c6-361c27265def,01ec18c2-644c-41b6-85b2-ed67057c921f,blue-mao-mao,https://hwbfxsnahyvlyarupfwe.supabase.co/storage/v1/object/public/fish-uploads/01ec18c2-644c-41b6-85b2-ed67057c921f/blue-mao-mao-1765133090536.jpeg,2025-12-07 18:44:24.287666+00
1f4a1088-a748-4f3c-b12f-571d6b3bc202,0851ecb9-c2c5-4401-867a-a4d09d94b66d,blue-mao-mao,https://hwbfxsnahyvlyarupfwe.supabase.co/storage/v1/object/public/fish-uploads/0851ecb9-c2c5-4401-867a-a4d09d94b66d/blue-mao-mao-1765136401814.jpeg,2025-12-07 19:39:23.436612+00
beb944c5-58b3-4f9e-abe7-bfcf9e1d148d,4fd38a4b-5119-4712-a843-00303c3ea317,blue-mao-mao,https://hwbfxsnahyvlyarupfwe.supabase.co/storage/v1/object/public/fish-uploads/4fd38a4b-5119-4712-a843-00303c3ea317/blue-mao-mao-1765337513931.jpeg,2025-12-10 03:31:41.904117+00
eb8aeab1-aa02-4da8-b177-2f9c78fb54df,d65d4738-6bd9-4987-bd67-71fb502cf766,blue-mao-mao,https://hwbfxsnahyvlyarupfwe.supabase.co/storage/v1/object/public/fish-uploads/d65d4738-6bd9-4987-bd67-71fb502cf766/blue-mao-mao-1765604001213.jpeg,2025-12-13 05:33:10.02638+00
e903f8a8-bed4-403a-9503-f3b85616b217,7a8350da-c74a-4d1e-80c0-1f175b79b948,blue-mao-mao,https://hwbfxsnahyvlyarupfwe.supabase.co/storage/v1/object/public/fish-uploads/7a8350da-c74a-4d1e-80c0-1f175b79b948/blue-mao-mao-1766448924205.jpg,2025-12-22 20:17:49.936261+00
ffee7106-5135-4a99-a5b0-fdcc34d36b5d,a752c5a3-37a2-4caf-a313-8314670c4669,blue-mao-mao,https://hwbfxsnahyvlyarupfwe.supabase.co/storage/v1/object/public/fish-uploads/a752c5a3-37a2-4caf-a313-8314670c4669/blue-mao-mao-1766905428117.jpeg,2025-12-28 07:01:04.493818+00
8dc332ed-58e1-4337-9042-352eff746965,257cbabd-f5fa-49e9-8ff6-3642c9b2011b,blue-mao-mao,https://hwbfxsnahyvlyarupfwe.supabase.co/storage/v1/object/public/fish-uploads/257cbabd-f5fa-49e9-8ff6-3642c9b2011b/blue-mao-mao-1767690194494.jpg,2026-01-06 09:03:00.227633+00
bee48f44-b180-4c55-8501-a8dcadfae835,34bbeb7c-fe6c-4f6c-b19e-e1f97b931276,blue-mao-mao,https://hwbfxsnahyvlyarupfwe.supabase.co/storage/v1/object/public/fish-uploads/34bbeb7c-fe6c-4f6c-b19e-e1f97b931276/blue-mao-mao-1767947801149.jpg,2026-01-08 03:44:04.689512+00
2b065786-6430-457c-827c-5347112e7535,b62f9159-8973-4909-9f0e-3ec1fe771af4,blue-mao-mao,https://hwbfxsnahyvlyarupfwe.supabase.co/storage/v1/object/public/fish-uploads/b62f9159-8973-4909-9f0e-3ec1fe771af4/blue-mao-mao-1773018590513.jpg,2026-03-09 01:09:00.441654+00
5b60f396-aca3-4014-8833-f1d15d542532,71c10144-aa7e-4452-86f8-97cef055072f,blue-mao-mao,https://hwbfxsnahyvlyarupfwe.supabase.co/storage/v1/object/public/fish-uploads/71c10144-aa7e-4452-86f8-97cef055072f/blue-mao-mao-1774301953183.jpg,2026-03-23 21:39:04.993361+00
71f50270-7447-43ec-a73e-63678afee2a7,d65d4738-6bd9-4987-bd67-71fb502cf766,bluecod,https://hwbfxsnahyvlyarupfwe.supabase.co/storage/v1/object/public/fish-uploads/d65d4738-6bd9-4987-bd67-71fb502cf766/bluecod-1764198691206.jpeg,2025-11-26 23:11:17.858804+00
b39d2bf1-725b-4195-a8d6-6415d643fd31,d853a299-41e9-4ecb-a102-0c9b429a4091,bluecod,https://hwbfxsnahyvlyarupfwe.supabase.co/storage/v1/object/public/fish-uploads/d853a299-41e9-4ecb-a102-0c9b429a4091/bluecod-1765693682590.jpeg,2025-12-14 06:27:26.376308+00
b5ba86f8-b03b-422a-b1c8-39be85aff6ca,34bbeb7c-fe6c-4f6c-b19e-e1f97b931276,bluecod,https://hwbfxsnahyvlyarupfwe.supabase.co/storage/v1/object/public/fish-uploads/34bbeb7c-fe6c-4f6c-b19e-e1f97b931276/bluecod-1767843835511.jpg,2025-12-28 05:57:18.684417+00
b142d9cd-fcee-45c9-a9b6-8a964b10354c,7a2e1478-77fb-4c53-830d-2eaf5082cdf2,bluecod,https://hwbfxsnahyvlyarupfwe.supabase.co/storage/v1/object/public/fish-uploads/7a2e1478-77fb-4c53-830d-2eaf5082cdf2/bluecod-1766902790970.jpeg,2025-12-28 06:19:24.881603+00
605c8dad-a2b2-4def-8f5a-bc3e2e4b3c75,7135f831-87a1-4a85-8db1-7e94a4fa2a68,bluemoki,https://hwbfxsnahyvlyarupfwe.supabase.co/storage/v1/object/public/fish-uploads/7135f831-87a1-4a85-8db1-7e94a4fa2a68/bluemoki-1766472122251.JPG,2025-11-09 21:16:27.155113+00
7ca00ac5-225b-4ca7-bc5e-b4f68400fc60,0851ecb9-c2c5-4401-867a-a4d09d94b66d,bluemoki,https://hwbfxsnahyvlyarupfwe.supabase.co/storage/v1/object/public/fish-uploads/0851ecb9-c2c5-4401-867a-a4d09d94b66d/bluemoki-1763777399862.jpeg,2025-11-21 22:48:49.301054+00
98fdf12a-5fe4-43a6-b551-f076096adc4e,d65d4738-6bd9-4987-bd67-71fb502cf766,bluemoki,https://hwbfxsnahyvlyarupfwe.supabase.co/storage/v1/object/public/fish-uploads/d65d4738-6bd9-4987-bd67-71fb502cf766/bluemoki-1764198708983.jpeg,2025-11-26 23:11:37.817868+00
c8f0c889-b9af-4b60-8fcb-ae1cbd119b4e,4fd38a4b-5119-4712-a843-00303c3ea317,bluemoki,https://hwbfxsnahyvlyarupfwe.supabase.co/storage/v1/object/public/fish-uploads/4fd38a4b-5119-4712-a843-00303c3ea317/bluemoki-1764986535408.jpeg,2025-12-06 02:01:36.823231+00
955a0b82-832e-439e-9fff-178b16e01d5f,d349b48a-282b-435b-8ffa-ba8564144d13,bluemoki,https://hwbfxsnahyvlyarupfwe.supabase.co/storage/v1/object/public/fish-uploads/d349b48a-282b-435b-8ffa-ba8564144d13/bluemoki-1766382287897.jpeg,2025-12-22 05:44:36.650958+00
79ccbea1-cda6-42e1-b9b3-f306ead305e8,44c0e0c9-df89-428d-bf9b-c3a1b66b135a,bluemoki,https://hwbfxsnahyvlyarupfwe.supabase.co/storage/v1/object/public/fish-uploads/44c0e0c9-df89-428d-bf9b-c3a1b66b135a/bluemoki-1766707618394.jpg,2025-12-26 00:06:43.521342+00
fe532a91-9653-4e19-ba3a-79b69ab06de6,7a2e1478-77fb-4c53-830d-2eaf5082cdf2,bluemoki,https://hwbfxsnahyvlyarupfwe.supabase.co/storage/v1/object/public/fish-uploads/7a2e1478-77fb-4c53-830d-2eaf5082cdf2/bluemoki-1766785585723.jpeg,2025-12-26 21:46:06.530092+00
9decfb0d-aa7f-4536-8ca0-0b4399f4f793,0d02979e-2a89-40ff-8953-7d85ce22bd1e,bluemoki,https://hwbfxsnahyvlyarupfwe.supabase.co/storage/v1/object/public/fish-uploads/0d02979e-2a89-40ff-8953-7d85ce22bd1e/bluemoki-1767688620513.jpeg,2026-01-06 08:36:55.024891+00
1aa9a36a-cb79-41ea-aff0-c2ef7a9eb6bf,48f07b94-ce84-47ac-a4c4-4cda5b347459,bluemoki,https://hwbfxsnahyvlyarupfwe.supabase.co/storage/v1/object/public/fish-uploads/48f07b94-ce84-47ac-a4c4-4cda5b347459/bluemoki-1768350892322.jpeg,2026-01-14 00:34:08.589265+00
df873f64-dcf3-4948-b6f1-09abfd1959f2,71c10144-aa7e-4452-86f8-97cef055072f,bluemoki,https://hwbfxsnahyvlyarupfwe.supabase.co/storage/v1/object/public/fish-uploads/71c10144-aa7e-4452-86f8-97cef055072f/bluemoki-1772946444651.jpg,2026-03-08 05:07:06.278545+00
10ce07fd-ffa2-4078-9be3-52d4bf283ed0,7a8350da-c74a-4d1e-80c0-1f175b79b948,butterfish,https://hwbfxsnahyvlyarupfwe.supabase.co/storage/v1/object/public/fish-uploads/7a8350da-c74a-4d1e-80c0-1f175b79b948/butterfish-1762057939055.jpg,2025-11-02 03:59:00.239748+00
934d443e-686f-429e-95f0-42e020fefc33,0851ecb9-c2c5-4401-867a-a4d09d94b66d,butterfish,https://hwbfxsnahyvlyarupfwe.supabase.co/storage/v1/object/public/fish-uploads/0851ecb9-c2c5-4401-867a-a4d09d94b66d/butterfish-1762327454233.jpeg,2025-11-05 07:24:06.226373+00
a459a337-650d-4b88-9137-6e24a5621faa,14aec115-59b8-4e88-9f5a-4a00d7709aab,butterfish,https://hwbfxsnahyvlyarupfwe.supabase.co/storage/v1/object/public/fish-uploads/14aec115-59b8-4e88-9f5a-4a00d7709aab/butterfish-1762328729957.jpg,2025-11-05 07:45:19.488132+00
aa38a95b-4e1f-4a4f-b32e-a7ac5099b16c,7a2e1478-77fb-4c53-830d-2eaf5082cdf2,butterfish,https://hwbfxsnahyvlyarupfwe.supabase.co/storage/v1/object/public/fish-uploads/7a2e1478-77fb-4c53-830d-2eaf5082cdf2/butterfish-1762420082793.jpeg,2025-11-06 09:07:33.736725+00
417b3b2b-a3b0-4e0b-bee3-98bfeaa7fc6c,4fd38a4b-5119-4712-a843-00303c3ea317,butterfish,https://hwbfxsnahyvlyarupfwe.supabase.co/storage/v1/object/public/fish-uploads/4fd38a4b-5119-4712-a843-00303c3ea317/butterfish-1762668367449.jpg,2025-11-09 05:45:01.823861+00
cfdbc707-c2cd-441a-99c4-60b6545a22f7,7135f831-87a1-4a85-8db1-7e94a4fa2a68,butterfish,https://hwbfxsnahyvlyarupfwe.supabase.co/storage/v1/object/public/fish-uploads/7135f831-87a1-4a85-8db1-7e94a4fa2a68/butterfish-1762722225708.jpg,2025-11-09 21:03:15.615723+00
3d8b6d9c-2dc0-49bb-afba-3b905c6b52a1,257cbabd-f5fa-49e9-8ff6-3642c9b2011b,butterfish,https://hwbfxsnahyvlyarupfwe.supabase.co/storage/v1/object/public/fish-uploads/257cbabd-f5fa-49e9-8ff6-3642c9b2011b/butterfish-1763869529599.jpg,2025-11-23 03:45:21.439571+00
68a20375-896f-42ab-9318-71e8155c3a72,44c00526-eb0d-4b26-ad51-b5b816d01620,butterfish,https://hwbfxsnahyvlyarupfwe.supabase.co/storage/v1/object/public/fish-uploads/44c00526-eb0d-4b26-ad51-b5b816d01620/butterfish-1765275310563.jpeg,2025-12-02 06:53:32.072848+00
eaab1f8e-0e14-473c-9320-2e4ac455da15,44c0e0c9-df89-428d-bf9b-c3a1b66b135a,butterfish,https://hwbfxsnahyvlyarupfwe.supabase.co/storage/v1/object/public/fish-uploads/44c0e0c9-df89-428d-bf9b-c3a1b66b135a/butterfish-1766393847183.jpg,2025-12-22 08:54:50.924729+00
3de038b1-c6af-43cc-a456-2e63fa0f2397,13a95400-8ef8-43a0-a221-272ca95c544b,butterfish,https://hwbfxsnahyvlyarupfwe.supabase.co/storage/v1/object/public/fish-uploads/13a95400-8ef8-43a0-a221-272ca95c544b/butterfish-1766470284275.jpg,2025-12-23 06:11:08.507159+00
2e208798-09c6-4162-9d09-96793e38a251,a752c5a3-37a2-4caf-a313-8314670c4669,butterfish,https://hwbfxsnahyvlyarupfwe.supabase.co/storage/v1/object/public/fish-uploads/a752c5a3-37a2-4caf-a313-8314670c4669/butterfish-1766540959875.jpg,2025-12-24 01:48:35.498684+00
24af6e68-5134-489d-9871-498b11b0babe,2a95c984-9abb-442a-81ee-e2b4d8af7de0,butterfish,https://hwbfxsnahyvlyarupfwe.supabase.co/storage/v1/object/public/fish-uploads/2a95c984-9abb-442a-81ee-e2b4d8af7de0/butterfish-1766718713450.jpeg,2025-12-26 03:11:37.345555+00
3ec88fdb-cb50-4a89-a780-5bb3b9b2cd57,fe769e17-7500-4404-acdc-768bd060c3ea,butterfish,https://hwbfxsnahyvlyarupfwe.supabase.co/storage/v1/object/public/fish-uploads/fe769e17-7500-4404-acdc-768bd060c3ea/butterfish-1766722274554.jpg,2025-12-26 04:11:06.607488+00
d5ad766a-01ad-40de-892a-69de333534c1,a4b70247-9923-4494-b0e5-dfa33225ab9d,butterfish,https://hwbfxsnahyvlyarupfwe.supabase.co/storage/v1/object/public/fish-uploads/a4b70247-9923-4494-b0e5-dfa33225ab9d/butterfish-1766809792146.jpg,2025-12-27 04:28:52.837915+00
adaad8d6-533c-4b5e-9996-5015da4a20b5,7825fc0f-bac5-44c0-ae69-7772700a6dc5,butterfish,https://hwbfxsnahyvlyarupfwe.supabase.co/storage/v1/object/public/fish-uploads/7825fc0f-bac5-44c0-ae69-7772700a6dc5/butterfish-1766810059109.jpeg,2025-12-27 04:34:03.249299+00
e9a5b6fd-c60a-484c-9a74-a040cc803bc5,695aced9-a3e0-4969-9a32-5bef824f6f46,butterfish,https://hwbfxsnahyvlyarupfwe.supabase.co/storage/v1/object/public/fish-uploads/695aced9-a3e0-4969-9a32-5bef824f6f46/butterfish-1766943394603.jpeg,2025-12-28 17:36:15.079946+00
73bbc96a-7ab9-4efe-ae0f-8676bec4594b,a3333314-9bb4-4d5c-957e-f163ae65153f,butterfish,https://hwbfxsnahyvlyarupfwe.supabase.co/storage/v1/object/public/fish-uploads/a3333314-9bb4-4d5c-957e-f163ae65153f/butterfish-1767586418166.jpg,2026-01-05 04:13:18.290092+00
f28589f6-0313-47d2-9da0-29736f43f958,d65d4738-6bd9-4987-bd67-71fb502cf766,butterfish,https://hwbfxsnahyvlyarupfwe.supabase.co/storage/v1/object/public/fish-uploads/d65d4738-6bd9-4987-bd67-71fb502cf766/butterfish-1767592102112.jpeg,2026-01-05 05:48:03.987493+00
8305ea13-6846-43bf-b753-0c5d084c2617,71c10144-aa7e-4452-86f8-97cef055072f,butterfish,https://hwbfxsnahyvlyarupfwe.supabase.co/storage/v1/object/public/fish-uploads/71c10144-aa7e-4452-86f8-97cef055072f/butterfish-1772946464337.jpg,2026-03-08 05:07:36.429724+00
17d92679-e907-4ea8-9162-44670ddd4a19,44c0e0c9-df89-428d-bf9b-c3a1b66b135a,Catfish,https://hwbfxsnahyvlyarupfwe.supabase.co/storage/v1/object/public/fish-uploads/44c0e0c9-df89-428d-bf9b-c3a1b66b135a/Catfish-1767079804972.jpg,2025-12-30 07:29:42.809721+00
a212980c-5e30-4532-9de3-a894f6c584d7,9f7b01f6-f83b-4f20-a00b-fd6a7d23c55f,Catfish,https://hwbfxsnahyvlyarupfwe.supabase.co/storage/v1/object/public/fish-uploads/9f7b01f6-f83b-4f20-a00b-fd6a7d23c55f/Catfish-1770497417213.jpeg,2026-02-07 20:49:53.422863+00
d57c0a57-9696-4af8-b1f8-23b79cc4bd7f,d65d4738-6bd9-4987-bd67-71fb502cf766,Catfish,https://hwbfxsnahyvlyarupfwe.supabase.co/storage/v1/object/public/fish-uploads/d65d4738-6bd9-4987-bd67-71fb502cf766/Catfish-1770952807053.jpeg,2026-02-13 03:14:54.262986+00
4fc86edd-1bb7-4515-887c-0a655aa2dfb4,7a2e1478-77fb-4c53-830d-2eaf5082cdf2,Catfish,https://hwbfxsnahyvlyarupfwe.supabase.co/storage/v1/object/public/fish-uploads/7a2e1478-77fb-4c53-830d-2eaf5082cdf2/Catfish-1771031144007.jpg,2026-02-14 01:02:58.940742+00
c9d59504-c4e0-43b8-9c3d-7bf5f16e0a43,0851ecb9-c2c5-4401-867a-a4d09d94b66d,Catfish,https://hwbfxsnahyvlyarupfwe.supabase.co/storage/v1/object/public/fish-uploads/0851ecb9-c2c5-4401-867a-a4d09d94b66d/Catfish-1771137699098.jpeg,2026-02-15 06:41:28.19037+00
5876ed96-9394-4a36-b329-6e5e1c2681fc,7135f831-87a1-4a85-8db1-7e94a4fa2a68,Catfish,https://hwbfxsnahyvlyarupfwe.supabase.co/storage/v1/object/public/fish-uploads/7135f831-87a1-4a85-8db1-7e94a4fa2a68/Catfish-1771153551941.jpg,2026-02-15 11:05:13.716544+00
f82c7ae2-ea11-4a91-b36a-9a9ef34a91d8,0d02979e-2a89-40ff-8953-7d85ce22bd1e,Catfish,https://hwbfxsnahyvlyarupfwe.supabase.co/storage/v1/object/public/fish-uploads/0d02979e-2a89-40ff-8953-7d85ce22bd1e/Catfish-1772947551329.jpg,2026-03-08 05:25:40.278809+00
572d5b0d-0fc6-4a91-8ce6-6702cd275b0b,a752c5a3-37a2-4caf-a313-8314670c4669,Catfish,https://hwbfxsnahyvlyarupfwe.supabase.co/storage/v1/object/public/fish-uploads/a752c5a3-37a2-4caf-a313-8314670c4669/Catfish-1772958439372.jpeg,2026-03-08 08:27:11.228333+00
aa9a5af2-d1ed-413d-a437-7a491a65f716,4fd38a4b-5119-4712-a843-00303c3ea317,Catfish,https://hwbfxsnahyvlyarupfwe.supabase.co/storage/v1/object/public/fish-uploads/4fd38a4b-5119-4712-a843-00303c3ea317/Catfish-1773517133049.jpeg,2026-03-14 19:38:40.131043+00
977fd777-f582-4a2e-ad77-a6e08220dc5d,34bbeb7c-fe6c-4f6c-b19e-e1f97b931276,Catfish,https://hwbfxsnahyvlyarupfwe.supabase.co/storage/v1/object/public/fish-uploads/34bbeb7c-fe6c-4f6c-b19e-e1f97b931276/Catfish-1773596307306.jpg,2026-03-15 17:36:26.045563+00
9177e06a-58e4-4a9b-8f30-a8ccb573d37f,7a8350da-c74a-4d1e-80c0-1f175b79b948,Dishes,https://hwbfxsnahyvlyarupfwe.supabase.co/storage/v1/object/public/fish-uploads/7a8350da-c74a-4d1e-80c0-1f175b79b948/Dishes-1762765113474.jpg,2025-11-10 08:44:55.344851+00
6b05f397-5a5a-43b4-a510-8bc17dafa50e,49e2df61-d0db-4060-9d66-b0a4a656d391,Dishes,https://hwbfxsnahyvlyarupfwe.supabase.co/storage/v1/object/public/fish-uploads/49e2df61-d0db-4060-9d66-b0a4a656d391/Dishes-1762982701321.jpeg,2025-11-12 21:24:40.148485+00
fa6d6d0d-9768-4fbb-a891-bd5a41381221,0ac97373-f12e-4f4d-86dc-0460f8208012,Dishes,https://hwbfxsnahyvlyarupfwe.supabase.co/storage/v1/object/public/fish-uploads/0ac97373-f12e-4f4d-86dc-0460f8208012/Dishes-1764042238506.jpg,2025-11-18 06:03:14.371682+00
dda8a771-57c8-4632-b72c-168cac2049bd,0d02979e-2a89-40ff-8953-7d85ce22bd1e,Dishes,https://hwbfxsnahyvlyarupfwe.supabase.co/storage/v1/object/public/fish-uploads/0d02979e-2a89-40ff-8953-7d85ce22bd1e/Dishes-1765042169846.jpg,2025-12-06 17:29:13.884118+00
9f50ede1-fb62-4ee7-81a3-fe069ae830f8,7825fc0f-bac5-44c0-ae69-7772700a6dc5,Dishes,https://hwbfxsnahyvlyarupfwe.supabase.co/storage/v1/object/public/fish-uploads/7825fc0f-bac5-44c0-ae69-7772700a6dc5/Dishes-1765087115900.jpeg,2025-12-07 05:58:18.818557+00
7d966a26-ddb7-4c47-b753-5f4e60a0fbfc,b6d18962-fb1b-4e6f-aefd-86d088e0e21d,Dishes,https://hwbfxsnahyvlyarupfwe.supabase.co/storage/v1/object/public/fish-uploads/b6d18962-fb1b-4e6f-aefd-86d088e0e21d/Dishes-1765153784434.jpg,2025-12-08 00:29:27.254693+00
5cc3a837-4bae-4404-9286-20df461c4dd4,d853a299-41e9-4ecb-a102-0c9b429a4091,Dishes,https://hwbfxsnahyvlyarupfwe.supabase.co/storage/v1/object/public/fish-uploads/d853a299-41e9-4ecb-a102-0c9b429a4091/Dishes-1765224817316.jpeg,2025-12-08 20:13:23.117514+00
5a525ed4-6245-4c73-ac3b-6f727dac1fe5,d65d4738-6bd9-4987-bd67-71fb502cf766,Dishes,https://hwbfxsnahyvlyarupfwe.supabase.co/storage/v1/object/public/fish-uploads/d65d4738-6bd9-4987-bd67-71fb502cf766/Dishes-1766535845992.jpeg,2025-12-11 02:30:37.135936+00
6b1f95fe-8763-4c9c-8ad6-f71f1e4e1a57,a752c5a3-37a2-4caf-a313-8314670c4669,Dishes,https://hwbfxsnahyvlyarupfwe.supabase.co/storage/v1/object/public/fish-uploads/a752c5a3-37a2-4caf-a313-8314670c4669/Dishes-1766964083377.jpg,2025-12-28 23:20:29.05395+00
31275add-dffb-4560-958b-c2b6c1f0fa77,7a2e1478-77fb-4c53-830d-2eaf5082cdf2,Dishes,https://hwbfxsnahyvlyarupfwe.supabase.co/storage/v1/object/public/fish-uploads/7a2e1478-77fb-4c53-830d-2eaf5082cdf2/Dishes-1767055909602.jpeg,2025-12-30 00:51:16.839465+00
2e9e3ccd-c62c-4812-8832-5ad8e6ca9074,dc4cac64-29be-4eee-8bed-a2fdbe484015,Dishes,https://hwbfxsnahyvlyarupfwe.supabase.co/storage/v1/object/public/fish-uploads/dc4cac64-29be-4eee-8bed-a2fdbe484015/Dishes-1767328668964.jpeg,2026-01-02 04:36:32.582009+00
ecc652ce-c0de-4e28-9460-e64181360ad6,3aa727e5-d4bf-46cf-bb85-f8b139b8e4e4,Dishes,https://hwbfxsnahyvlyarupfwe.supabase.co/storage/v1/object/public/fish-uploads/3aa727e5-d4bf-46cf-bb85-f8b139b8e4e4/Dishes-1767328870263.jpeg,2026-01-02 04:40:37.549033+00
d0fc22a0-7f27-430c-a073-a9b62de4e49d,44c0e0c9-df89-428d-bf9b-c3a1b66b135a,Dishes,https://hwbfxsnahyvlyarupfwe.supabase.co/storage/v1/object/public/fish-uploads/44c0e0c9-df89-428d-bf9b-c3a1b66b135a/Dishes-1768440349904.jfif,2026-01-15 01:25:35.681471+00
c34c0311-5ecd-4f5e-9310-5587ae0bc275,71c10144-aa7e-4452-86f8-97cef055072f,Dishes,https://hwbfxsnahyvlyarupfwe.supabase.co/storage/v1/object/public/fish-uploads/71c10144-aa7e-4452-86f8-97cef055072f/Dishes-1772947743050.jpg,2026-03-08 05:28:45.357357+00
fe9dce9a-a420-49fa-8757-fbacd7c2ea3a,d65d4738-6bd9-4987-bd67-71fb502cf766,Flounder,https://hwbfxsnahyvlyarupfwe.supabase.co/storage/v1/object/public/fish-uploads/d65d4738-6bd9-4987-bd67-71fb502cf766/Flounder-1765009338929.jpeg,2025-12-06 08:22:09.44707+00
6d20c409-2cd7-4f04-acc2-46eb1d60a917,7a2e1478-77fb-4c53-830d-2eaf5082cdf2,Flounder,https://hwbfxsnahyvlyarupfwe.supabase.co/storage/v1/object/public/fish-uploads/7a2e1478-77fb-4c53-830d-2eaf5082cdf2/Flounder-1766298917633.jpeg,2025-12-21 06:35:04.569584+00
40741b80-dc72-459c-b8e7-34c716fa5c99,71c10144-aa7e-4452-86f8-97cef055072f,GiantBoarfish,https://hwbfxsnahyvlyarupfwe.supabase.co/storage/v1/object/public/fish-uploads/71c10144-aa7e-4452-86f8-97cef055072f/GiantBoarfish-1766907033364.jpg,2025-12-28 07:29:34.13012+00
f450fb74-46e4-4011-b23b-5640ecb1f2d8,0d02979e-2a89-40ff-8953-7d85ce22bd1e,GiantBoarfish,https://hwbfxsnahyvlyarupfwe.supabase.co/storage/v1/object/public/fish-uploads/0d02979e-2a89-40ff-8953-7d85ce22bd1e/GiantBoarfish-1767420522519.jpg,2026-01-03 06:08:34.757522+00
f15c5013-2402-433c-80dc-25ce7301c066,8df141e9-d78c-497c-9025-b206d9b48b77,GiantBoarfish,https://hwbfxsnahyvlyarupfwe.supabase.co/storage/v1/object/public/fish-uploads/8df141e9-d78c-497c-9025-b206d9b48b77/GiantBoarfish-1768614598604.jpeg,2026-01-17 01:49:12.427989+00
45ab03f2-d63b-46f7-84a0-7e05e4eb448d,d349b48a-282b-435b-8ffa-ba8564144d13,GiantBoarfish,https://hwbfxsnahyvlyarupfwe.supabase.co/storage/v1/object/public/fish-uploads/d349b48a-282b-435b-8ffa-ba8564144d13/GiantBoarfish-1768634478622.jpeg,2026-01-17 07:21:03.297277+00
33e99a5b-db62-49c9-935c-c0d431663c2d,de20ffd3-9643-4202-a2a4-a22589f10c13,GiantBoarfish,https://hwbfxsnahyvlyarupfwe.supabase.co/storage/v1/object/public/fish-uploads/de20ffd3-9643-4202-a2a4-a22589f10c13/GiantBoarfish-1768643076340.jpeg,2026-01-17 09:43:06.959409+00
2b2d12d8-86cf-4cf9-8c83-ad276c33723e,c6ba52ff-1da7-4d98-81aa-c788b02c6bd9,GiantBoarfish,https://hwbfxsnahyvlyarupfwe.supabase.co/storage/v1/object/public/fish-uploads/c6ba52ff-1da7-4d98-81aa-c788b02c6bd9/GiantBoarfish-1772264870184.jpeg,2026-02-28 07:47:03.562105+00
50f94083-86f2-4aea-8816-948b3cefc342,71c10144-aa7e-4452-86f8-97cef055072f,GoldenSnapper,https://hwbfxsnahyvlyarupfwe.supabase.co/storage/v1/object/public/fish-uploads/71c10144-aa7e-4452-86f8-97cef055072f/GoldenSnapper-1767953417056.jpg,2026-01-09 10:09:58.077387+00
82719521-e112-49d1-99b1-928e7626ae59,c6ba52ff-1da7-4d98-81aa-c788b02c6bd9,GoldenSnapper,https://hwbfxsnahyvlyarupfwe.supabase.co/storage/v1/object/public/fish-uploads/c6ba52ff-1da7-4d98-81aa-c788b02c6bd9/GoldenSnapper-1772264921939.jpeg,2026-02-28 07:48:00.118503+00
51b001c4-0073-4519-aed3-b3a65a349da7,d65d4738-6bd9-4987-bd67-71fb502cf766,Gurnard,https://hwbfxsnahyvlyarupfwe.supabase.co/storage/v1/object/public/fish-uploads/d65d4738-6bd9-4987-bd67-71fb502cf766/Gurnard-1765009351766.jpeg,2025-12-06 08:22:24.585925+00
50f840f7-f805-4201-8edd-90299c859d89,0ac97373-f12e-4f4d-86dc-0460f8208012,Gurnard,https://hwbfxsnahyvlyarupfwe.supabase.co/storage/v1/object/public/fish-uploads/0ac97373-f12e-4f4d-86dc-0460f8208012/Gurnard-1770099645602.jpg,2026-02-03 06:20:35.76858+00
b2b7c8df-b39c-4303-83a1-b8f234c5465b,d349b48a-282b-435b-8ffa-ba8564144d13,JohnDory,https://hwbfxsnahyvlyarupfwe.supabase.co/storage/v1/object/public/fish-uploads/d349b48a-282b-435b-8ffa-ba8564144d13/JohnDory-1768039284807.jpeg,2026-01-10 10:01:13.343616+00
480764f6-2578-4e5d-88eb-e996b99c4ebf,8df141e9-d78c-497c-9025-b206d9b48b77,JohnDory,https://hwbfxsnahyvlyarupfwe.supabase.co/storage/v1/object/public/fish-uploads/8df141e9-d78c-497c-9025-b206d9b48b77/JohnDory-1768503333854.jpeg,2026-01-15 18:55:07.063411+00
22af3513-b429-493b-a7db-ba4a5e186bdb,a752c5a3-37a2-4caf-a313-8314670c4669,JohnDory,https://hwbfxsnahyvlyarupfwe.supabase.co/storage/v1/object/public/fish-uploads/a752c5a3-37a2-4caf-a313-8314670c4669/JohnDory-1772957904361.jpg,2026-03-08 08:18:14.232637+00
a28b833f-1d3f-46ff-99d0-fc7cd124d7ef,2a95c984-9abb-442a-81ee-e2b4d8af7de0,kahawai,https://hwbfxsnahyvlyarupfwe.supabase.co/storage/v1/object/public/fish-uploads/2a95c984-9abb-442a-81ee-e2b4d8af7de0/kahawai-1763022284361.jpeg,2025-11-13 08:23:49.305076+00
7f26b243-0f5a-4958-9c1f-eca8cf63142b,b6d18962-fb1b-4e6f-aefd-86d088e0e21d,kahawai,https://hwbfxsnahyvlyarupfwe.supabase.co/storage/v1/object/public/fish-uploads/b6d18962-fb1b-4e6f-aefd-86d088e0e21d/kahawai-1763334405116.jpg,2025-11-16 23:06:23.695903+00
0b16cecf-05a1-467e-a323-dd6a737a54b7,d349b48a-282b-435b-8ffa-ba8564144d13,kahawai,https://hwbfxsnahyvlyarupfwe.supabase.co/storage/v1/object/public/fish-uploads/d349b48a-282b-435b-8ffa-ba8564144d13/kahawai-1763788404575.jpg,2025-11-22 05:13:08.889143+00
095e9119-b960-4b22-ba2b-280264ce0612,48f07b94-ce84-47ac-a4c4-4cda5b347459,kahawai,https://hwbfxsnahyvlyarupfwe.supabase.co/storage/v1/object/public/fish-uploads/48f07b94-ce84-47ac-a4c4-4cda5b347459/kahawai-1763928745825.jpeg,2025-11-23 20:12:04.705779+00
5514ddb2-d632-4219-bca5-dff78f526801,44c00526-eb0d-4b26-ad51-b5b816d01620,kahawai,https://hwbfxsnahyvlyarupfwe.supabase.co/storage/v1/object/public/fish-uploads/44c00526-eb0d-4b26-ad51-b5b816d01620/kahawai-1765275277926.jpeg,2025-12-02 06:53:53.741983+00
ae522775-d0fa-4940-8353-5b977168e7ec,14aec115-59b8-4e88-9f5a-4a00d7709aab,kahawai,https://hwbfxsnahyvlyarupfwe.supabase.co/storage/v1/object/public/fish-uploads/14aec115-59b8-4e88-9f5a-4a00d7709aab/kahawai-1764992857148.jpg,2025-12-06 03:46:36.845564+00
050b1d5d-6329-4345-93fa-e9fccfc80556,de20ffd3-9643-4202-a2a4-a22589f10c13,kahawai,https://hwbfxsnahyvlyarupfwe.supabase.co/storage/v1/object/public/fish-uploads/de20ffd3-9643-4202-a2a4-a22589f10c13/kahawai-1765005352624.jpeg,2025-12-06 07:15:23.375875+00
084978e2-1fff-4297-9ee8-b2f0f85ada17,257cbabd-f5fa-49e9-8ff6-3642c9b2011b,kahawai,https://hwbfxsnahyvlyarupfwe.supabase.co/storage/v1/object/public/fish-uploads/257cbabd-f5fa-49e9-8ff6-3642c9b2011b/kahawai-1765090526081.jpg,2025-12-07 06:55:15.212199+00